site,sample,species,density,rbi,srl,unique_id,air_porosity,som
S10,S1,Banksia ericifolia,0.3695246220729457,0.5015883631499749,854.4285714285714,S10S1Banksia ericifolia1,NA,15.3683597518
S10,S1,Empodisma minus,0.16198119369372285,1.4781966001478197,9020.0,S10S1Empodisma minus1,3.209321341,15.3683597518
S10,S2,Empodisma minus,0.10655093705774245,1.4010507880910683,2855.0,S10S2Empodisma minus2,2.28198859,15.3683597518
S10,S3,Empodisma minus,0.09646731037800496,0.3859215807347947,2879.1111111111113,S10S3Empodisma minus3,7.61416214,15.3683597518
S10,S1,Entolasia stricta,0.14047478927261547,0.8058017727639,1838.5185185185185,S10S1Entolasia stricta1,NA,15.3683597518
S10,S2,Entolasia stricta,0.18628846631269436,1.4892956872479057,7324.999999999999,S10S2Entolasia stricta2,0.109729334,15.3683597518
S10,S3,Entolasia stricta,0.1899862386852445,2.044711014176663,1222.6666666666667,S10S3Entolasia stricta3,2.981651376,15.3683597518
S10,S1,Gonocarpus micranthus,0.19357181233256998,0.41899441340782123,1835.897435897436,S10S1Gonocarpus micranthus1,5.033557047,15.3683597518
S10,S2,Gonocarpus micranthus,0.1599901124700889,1.0090817356205852,NA,NA,NA,15.3683597518
S10,S3,Gonocarpus micranthus,0.17698978589165673,1.0527239231511536,5428.095238095238,S10S3Gonocarpus micranthus3,NA,15.3683597518
S10,S1,Lepidosperma neesii,0.30589739589546877,2.6020816653322654,2270.909090909091,S10S1Lepidosperma neesii1,25.75520833,15.3683597518
S10,S2,Lepidosperma neesii,0.24399138367537868,1.5027001643578304,4629.347826086957,S10S2Lepidosperma neesii2,14.94345719,15.3683597518
S10,S3,Lepidosperma neesii,0.21669763475765075,0.7543374402816193,969.9999999999999,S10S3Lepidosperma neesii3,9.311740891,15.3683597518
S10,S1,Leptospermum squarrosum,0.20975508792831735,1.4763779527559056,4689.2307692307695,S10S1Leptospermum squarrosum1,NA,15.3683597518
S10,S2,Leptospermum squarrosum,0.18861549534541042,1.2994802079168333,NA,NA,NA,15.3683597518
S10,S1,Plinthanthesis paradoxa,0.12706156570117036,0.9307520476545048,1852.4137931034484,S10S1Plinthanthesis paradoxa1,5.499103407,15.3683597518
S10,S2,Plinthanthesis paradoxa,0.14345926335936682,1.7552916881775942,6917.857142857143,S10S2Plinthanthesis paradoxa2,NA,15.3683597518
S10,S3,Plinthanthesis paradoxa,0.14605864863522705,1.3041210224308815,5898.461538461539,S10S3Plinthanthesis paradoxa3,2.702702703,15.3683597518
S10,S1,Ptilothrix deusta,0.31223694369275795,1.592356687898089,872.2222222222223,S10S1Ptilothrix deusta1,2.030947776,15.3683597518
S10,S2,Ptilothrix deusta,0.2662842025910505,0.4767201652629906,676.6666666666667,S10S2Ptilothrix deusta2,5.272108844,15.3683597518
S10,S3,Ptilothrix deusta,0.30778500753621385,0.12356357345854442,400.64356435643566,S10S3Ptilothrix deusta3,11.5713567,15.3683597518
S11,S1,Banksia serrata,0.3082790038351826,1.0774410774410774,4367.64705882353,S11S1Banksia serrata1,NA,2.4627319158
S11,S2,Banksia serrata,0.2548388015736965,1.174053419430584,4867.142857142857,S11S2Banksia serrata2,NA,2.4627319158
S11,S3,Banksia serrata,0.38548397000730034,1.6030311862430777,3267.6190476190477,S11S3Banksia serrata3,0.377180575,2.4627319158
S11,S3,Banksia serrata,0.38548397000730034,1.6030311862430777,3267.6190476190477,S11S3Banksia serrata3,NA,2.4627319158
S11,S3,Banksia serrata,2.462685245859555,1.6030311862430777,3267.6190476190477,S11S3Banksia serrata3,0.377180575,2.4627319158
S11,S3,Banksia serrata,2.462685245859555,1.6030311862430777,3267.6190476190477,S11S3Banksia serrata3,NA,2.4627319158
S11,S1,Caustis pentandra,0.5892661928896199,0.9726443768996961,5483.333333333333,S11S1Caustis pentandra1,4.391151266,2.4627319158
S11,S2,Caustis pentandra,0.299145797208877,0.8161044613710554,1621.7647058823532,S11S2Caustis pentandra2,15.5272542,2.4627319158
S11,S2,Caustis pentandra,0.299145797208877,0.8161044613710554,1621.7647058823532,S11S2Caustis pentandra2,8.416877823,2.4627319158
S11,S2,Caustis pentandra,0.32346766555534157,0.8161044613710554,1621.7647058823532,S11S2Caustis pentandra2,15.5272542,2.4627319158
S11,S2,Caustis pentandra,0.32346766555534157,0.8161044613710554,1621.7647058823532,S11S2Caustis pentandra2,8.416877823,2.4627319158
S11,S3,Caustis pentandra,0.33567654372585864,0.48828125,1050.2564102564104,S11S3Caustis pentandra3,2.013119204,2.4627319158
S11,S1,Hypoleana fastigata,0.30231386882939243,3.2280701754385963,2035.7142857142858,S11S1Hypoleana fastigata1,4.671532847,2.4627319158
S11,S2,Hypoleana fastigata,0.22701855131830467,2.90437890974084,8952.0,S11S2Hypoleana fastigata2,18.44817432,2.4627319158
S11,S3,Hypoleana fastigata,0.32869908218884325,3.2936407398023815,481.3414634146341,S11S3Hypoleana fastigata3,12.3853211,2.4627319158
S11,S1,Lepidosperma concavum,0.37044979278194606,1.3899506567516853,1344.766355140187,S11S1Lepidosperma concavum1,7.784881534,2.4627319158
S11,S2,Lepidosperma concavum,0.3874887746640551,0.3139388865634157,1179.7530864197531,S11S2Lepidosperma concavum2,0.918367347,2.4627319158
S11,S3,Lepidosperma concavum,0.365759162449899,0.7190364911019235,1158.9583333333335,S11S3Lepidosperma concavum3,4.902427416,2.4627319158
S11,S2,Lomandra obliqua,0.48525653891657006,0.5443234836702955,2990.6976744186045,S11S2Lomandra obliqua2,0.727524684,2.4627319158
S11,S3,Lomandra obliqua,0.4662209801955518,0.5285412262156448,1854.9019607843138,S11S3Lomandra obliqua3,1.035272561,2.4627319158
S12,S1,Banksia serrata,0.3605648234840203,0.7758585487361672,4373.035714285715,S12S1Banksia serrata1,NA,2.1904610948
S12,S2,Banksia serrata,0.2393177596720722,0.9775171065493645,3300.0000000000005,S12S2Banksia serrata2,NA,2.1904610948
S12,S3,Banksia serrata,0.24264338804511515,0.6708407871198568,2181.4634146341464,S12S3Banksia serrata3,NA,2.1904610948
S12,S1,Caustis pentandra,0.4823255750756347,0.7647598654022637,8172.5,S12S1Caustis pentandra1,8.048368223,2.1904610948
S12,S2,Caustis pentandra,0.6684850784533426,4.173913043478261,2395.8333333333335,S12S2Caustis pentandra2,8.60571609,2.1904610948
S12,S3,Caustis pentandra,0.40372926518337526,3.1133250311332503,2676.666666666667,S12S3Caustis pentandra3,5.907668232,2.1904610948
S12,S1,Hypoleana fastigata,0.0900070934185797,2.0807324178110695,1287.3214285714284,S12S1Hypoleana fastigata1,8.46946469,2.1904610948
S12,S1,Hypoleana fastigata,0.1339361647948565,2.0807324178110695,1287.3214285714284,S12S1Hypoleana fastigata1,8.46946469,2.1904610948
S12,S2,Hypoleana fastigata,0.5207969323177165,3.209084176746482,3797.8125,S12S2Hypoleana fastigata2,19.10636879,2.1904610948
S12,S3,Hypoleana fastigata,0.3206915042391624,3.9652567975830815,2787.3684210526317,S12S3Hypoleana fastigata3,28.156073,2.1904610948
S12,S1,Lepidosperma concavum,0.30224158634984,1.4090343970161625,2413.0,S12S1Lepidosperma concavum1,1.207937877,2.1904610948
S12,S2,Lepidosperma concavum,0.35861281225168146,0.4249442260703283,1147.9268292682925,S12S2Lepidosperma concavum2,10.67780873,2.1904610948
S12,S3,Lepidosperma concavum,0.33994112572234025,0.6739452756436177,1902.3076923076924,S12S3Lepidosperma concavum3,4.205214466,2.1904610948
S12,S1,Lomandra obliqua,0.46599071579710377,1.3404825737265416,9591.428571428572,S12S1Lomandra obliqua1,0.386847195,2.1904610948
S12,S2,Lomandra obliqua,0.4034541474459158,0.8266740148801323,3629.0,S12S2Lomandra obliqua2,0.656682028,2.1904610948
S12,S3,Lomandra obliqua,0.37037923331079753,0.9863878477017163,3620.714285714286,S12S3Lomandra obliqua3,2.443723383,2.1904610948
S13,S1,Banksia serrata,0.3980296905323638,1.6072325464590658,1659.1666666666667,S13S1Banksia serrata1,NA,2.0885712514
S13,S2,Banksia serrata,0.4357638063322342,1.5100037750094375,3178.8,S13S2Banksia serrata2,NA,2.0885712514
S13,S3,Banksia serrata,0.3787225596135938,1.8430753027909426,3928.9655172413795,S13S3Banksia serrata3,NA,2.0885712514
S13,S1,Caustis pentandra,0.44478438901233114,1.6061676839061998,2668.285714285714,S13S1Caustis pentandra1,3.830402313,2.0885712514
S13,S2,Caustis pentandra,0.47665345425616956,1.4838996883810656,11231.666666666668,S13S2Caustis pentandra2,2.693528961,2.0885712514
S13,S3,Caustis pentandra,0.28552585588436313,1.5832178903621612,25265.0,S13S3Caustis pentandra3,-10.07387508,2.0885712514
S13,S2,Haemodorum corymbosum,0.3145615638353506,0.8488964346349746,330.8988764044944,S13S2Haemodorum corymbosum2,0.971441948,2.0885712514
S13,S3,Haemodorum planifolium,0.2534522232665836,1.3867876954109934,614.8837209302326,S13S3Haemodorum planifolium3,0.357690342,2.0885712514
S13,S1,Hypoleana fastigata,0.15204986159131478,1.170088288479949,1382.5,S13S1Hypoleana fastigata1,8.102493075,2.0885712514
S13,S2,Hypoleana fastigata,0.2658713911673696,1.1220825852782763,3182.857142857143,S13S2Hypoleana fastigata2,22.44094488,2.0885712514
S13,S3,Hypoleana fastigata,0.2326681371146193,2.182385035074045,2069.3548387096776,S13S3Hypoleana fastigata3,8.822003114,2.0885712514
S13,S1,Lepidosperma concavum,0.28919702095716215,1.6891891891891893,1110.0,S13S1Lepidosperma concavum1,5.890318213,2.0885712514
S13,S2,Lepidosperma concavum,0.2553844336008711,0.718132854578097,1428.2051282051284,S13S2Lepidosperma concavum2,8.490566038,2.0885712514
S13,S3,Lepidosperma concavum,0.2740044640361745,1.0143457469931894,821.547619047619,S13S3Lepidosperma concavum3,2.991071429,2.0885712514
S13,S1,Lomandra obliqua,0.33923638537664885,0.8468083390459293,1810.1459854014597,S13S1Lomandra obliqua1,8.976660682,2.0885712514
S13,S3,Lomandra obliqua,0.42081414330045774,0.7168458781362007,1395.0,S13S3Lomandra obliqua3,2.607734807,2.0885712514
S14,S1,Banksia ericifolia,0.2896754745056306,1.6713091922005572,472.36842105263156,S14S1Banksia ericifolia1,NA,10.654881099599999
S14,S1,Cyathochaeta diandra,1.228978169649566,1.0013175230566533,2672.5352112676055,S14S1Cyathochaeta diandra1,0.935745477,10.654881099599999
S14,S2,Cyathochaeta diandra,0.16556549344913635,1.4389968136499127,5405.0,S14S2Cyathochaeta diandra2,5.799192152,10.654881099599999
S14,S3,Cyathochaeta diandra,0.283408939090558,0.42256496936403976,2784.1176470588234,S14S3Cyathochaeta diandra3,4.712678626,10.654881099599999
S14,S1,Entolasia stricta,0.07519002308767399,1.6150740242261103,4127.777777777777,S14S1Entolasia stricta1,-2.777063512,10.654881099599999
S14,S2,Entolasia stricta,0.14382368252831723,1.8502704241389127,14052.0,S14S2Entolasia stricta2,3.28562134,10.654881099599999
S14,S3,Entolasia stricta,0.16421480225081742,1.2380068090374499,5385.0,S14S3Entolasia stricta3,NA,10.654881099599999
S14,S3,Entolasia stricta,0.21574664396132495,1.2380068090374499,5385.0,S14S3Entolasia stricta3,NA,10.654881099599999
S14,S1,Gonocarpus micranthus,0.1372880402941407,0.7365939893930465,8485.0,S14S1Gonocarpus micranthus1,0.056148231,10.654881099599999
S14,S2,Gonocarpus micranthus,0.1552795357994601,0.9213759213759214,16279.999999999998,S14S2Gonocarpus micranthus2,-10.54852321,10.654881099599999
S14,S3,Gonocarpus micranthus,0.1271821207108951,0.5972526378658173,8371.666666666666,S14S3Gonocarpus micranthus3,NA,10.654881099599999
S14,S1,Gonocarpus tetragynus,0.22351900820904488,0.4905166775670373,2108.9655172413795,S14S1Gonocarpus tetragynus1,-38.76033058,10.654881099599999
S14,S2,Gonocarpus tetragynus,0.9345433439039608,1.170548987475126,3714.347826086956,S14S2Gonocarpus tetragynus2,-23.41040462,10.654881099599999
S14,S2,Gonocarpus tetragynus,0.9345433439039608,1.170548987475126,3714.347826086956,S14S2Gonocarpus tetragynus2,NA,10.654881099599999
S14,S2,Gonocarpus tetragynus,0.24805780115969328,1.170548987475126,3714.347826086956,S14S2Gonocarpus tetragynus2,-23.41040462,10.654881099599999
S14,S2,Gonocarpus tetragynus,0.24805780115969328,1.170548987475126,3714.347826086956,S14S2Gonocarpus tetragynus2,NA,10.654881099599999
S14,S2,Gonocarpus tetragynus,0.3112146307453775,1.170548987475126,3714.347826086956,S14S2Gonocarpus tetragynus2,-23.41040462,10.654881099599999
S14,S2,Gonocarpus tetragynus,0.3112146307453775,1.170548987475126,3714.347826086956,S14S2Gonocarpus tetragynus2,NA,10.654881099599999
S14,S2,Gonocarpus tetragynus,0.08260635260525452,1.170548987475126,3714.347826086956,S14S2Gonocarpus tetragynus2,-23.41040462,10.654881099599999
S14,S2,Gonocarpus tetragynus,0.08260635260525452,1.170548987475126,3714.347826086956,S14S2Gonocarpus tetragynus2,NA,10.654881099599999
S14,S3,Gonocarpus tetragynus,0.181088708939921,NA,NA,NA,-6.048387097,10.654881099599999
S14,S1,Lepidosperma neesii,0.14899197998335845,0.7525398218989088,1107.361111111111,S14S1Lepidosperma neesii1,10.42566317,10.654881099599999
S14,S2,Lepidosperma neesii,0.18107271461604998,1.5246015246015245,988.3561643835616,S14S2Lepidosperma neesii2,26.72433949,10.654881099599999
S14,S2,Lepidosperma neesii,0.18107271461604998,1.5246015246015245,988.3561643835616,S14S2Lepidosperma neesii2,20.83607637,10.654881099599999
S14,S2,Lepidosperma neesii,0.18107271461604998,1.5246015246015245,988.3561643835616,S14S2Lepidosperma neesii2,10.26003392,10.654881099599999
S14,S2,Lepidosperma neesii,0.25492034202504604,1.5246015246015245,988.3561643835616,S14S2Lepidosperma neesii2,26.72433949,10.654881099599999
S14,S2,Lepidosperma neesii,0.25492034202504604,1.5246015246015245,988.3561643835616,S14S2Lepidosperma neesii2,20.83607637,10.654881099599999
S14,S2,Lepidosperma neesii,0.25492034202504604,1.5246015246015245,988.3561643835616,S14S2Lepidosperma neesii2,10.26003392,10.654881099599999
S14,S2,Lepidosperma neesii,0.21889429058191123,1.5246015246015245,988.3561643835616,S14S2Lepidosperma neesii2,26.72433949,10.654881099599999
S14,S2,Lepidosperma neesii,0.21889429058191123,1.5246015246015245,988.3561643835616,S14S2Lepidosperma neesii2,20.83607637,10.654881099599999
S14,S2,Lepidosperma neesii,0.21889429058191123,1.5246015246015245,988.3561643835616,S14S2Lepidosperma neesii2,10.26003392,10.654881099599999
S14,S3,Lepidosperma neesii,0.16736262379206515,1.8126888217522659,3761.3636363636365,S14S3Lepidosperma neesii3,11.50990099,10.654881099599999
S14,S1,Leptocarpus tenax,0.13385267524025185,0.27901785714285715,1194.6666666666667,S14S1Leptocarpus tenax1,9.659485754,10.654881099599999
S14,S1,Leptospermum squarrosum,0.1785278575307894,1.3873473917869035,12013.333333333334,S14S1Leptospermum squarrosum1,NA,10.654881099599999
S14,S2,Leptospermum squarrosum,0.21258211552179515,1.9470404984423675,4280.000000000001,S14S2Leptospermum squarrosum2,NA,10.654881099599999
S14,S1,Lepyrodia scariosa,0.08595401401521427,1.1322696860524961,4857.5,S14S1Lepyrodia scariosa1,15.19875292,10.654881099599999
S14,S2,Lepyrodia scariosa,0.09013752979438004,1.7942583732057416,8360.0,S14S2Lepyrodia scariosa2,8.381799521,10.654881099599999
S14,S3,Lepyrodia scariosa,0.08156864378160214,1.727447216890595,8683.333333333334,S14S3Lepyrodia scariosa3,6.558061821,10.654881099599999
S14,S1,Lomandra obliqua,0.3311500495828951,0.576036866359447,1407.5675675675675,S14S1Lomandra obliqua1,0.099108028,10.654881099599999
S14,S2,Lomandra obliqua,0.3904022055488507,0.47158688988446124,224.39153439153438,S14S2Lomandra obliqua2,-17.3553719,10.654881099599999
S14,S3,Lomandra obliqua,0.26114611527870235,0.75642965204236,2937.777777777778,S14S3Lomandra obliqua3,-0.85145203,10.654881099599999
S14,S2,Plinthanthesis paradoxa,0.1388470793513929,1.9352568613652357,2471.304347826087,S14S2Plinthanthesis paradoxa2,2.14264749,10.654881099599999
S14,S1,Ptilothrix deusta,0.31447017707412056,2.1869874248223073,7316.0,S14S1Ptilothrix deusta1,12.68548152,10.654881099599999
S14,S2,Ptilothrix deusta,0.20891822770821442,0.5660911406736485,1308.5185185185185,S14S2Ptilothrix deusta2,11.92387749,10.654881099599999
S14,S2,Ptilothrix deusta,0.6234179234339935,0.5660911406736485,1308.5185185185185,S14S2Ptilothrix deusta2,11.92387749,10.654881099599999
S15,S1,Banksia ericifolia,0.30072394277156544,0.21226915729144555,1046.8888888888891,S15S1Banksia ericifolia1,NA,6.0685500966
S15,S2,Banksia ericifolia,0.1869410022439986,0.3089089336463611,354.9561403508772,S15S2Banksia ericifolia2,NA,6.0685500966
S15,S3,Banksia ericifolia,0.21518544752710833,1.2484394506866416,890.0,S15S3Banksia ericifolia3,NA,6.0685500966
S15,S3,Banksia ericifolia,0.21518544752710833,1.2484394506866416,890.0,S15S3Banksia ericifolia3,NA,6.0685500966
S15,S3,Banksia ericifolia,0.2318489489022949,1.2484394506866416,890.0,S15S3Banksia ericifolia3,NA,6.0685500966
S15,S3,Banksia ericifolia,0.2318489489022949,1.2484394506866416,890.0,S15S3Banksia ericifolia3,NA,6.0685500966
S15,S1,Cyathochaeta diandra,0.24681720421555917,1.27244450728121,4160.588235294118,S15S1Cyathochaeta diandra1,-5.13739546,6.0685500966
S15,S2,Cyathochaeta diandra,0.25866530643566277,0.5062436719541006,1209.387755102041,S15S2Cyathochaeta diandra2,-6.462585034,6.0685500966
S15,S3,Cyathochaeta diandra,0.23473086032882243,0.1963864886095837,458.7387387387387,S15S3Cyathochaeta diandra3,5.256511444,6.0685500966
S15,S1,Empodisma minus,0.3629275535878171,NA,NA,NA,1.037851038,6.0685500966
S15,S2,Empodisma minus,0.21349691164109227,1.1156978690170702,728.6991869918699,S15S2Empodisma minus2,0.561482313,6.0685500966
S15,S3,Empodisma minus,0.16848195976081787,1.6163793103448276,1988.5714285714284,S15S3Empodisma minus3,3.073496659,6.0685500966
S15,S4,Empodisma minus,0.29130157423359493,NA,NA,NA,0.322971336,6.0685500966
S15,S1,Entolasia stricta,0.35472191508076206,0.8360039013515397,3987.222222222222,S15S1Entolasia stricta1,-10.92694905,6.0685500966
S15,S2,Entolasia stricta,0.1800245179410949,1.926252063841497,4037.777777777778,S15S2Entolasia stricta2,NA,6.0685500966
S15,S3,Entolasia stricta,0.27094549275146357,1.11962793902334,3628.4375,S15S3Entolasia stricta3,NA,6.0685500966
S15,S1,Eurychorda complanata,0.17711772199935275,0.4321988114532685,1128.658536585366,S15S1Eurychorda complanata1,20.59496568,6.0685500966
S15,S2,Eurychorda complanata,0.16783467948401465,0.7083407118824154,2352.916666666667,S15S2Eurychorda complanata2,21.04513064,6.0685500966
S15,S3,Eurychorda complanata,0.13814243437006377,0.8472781190425757,1748.5185185185185,S15S3Eurychorda complanata3,4.057480981,6.0685500966
S15,S1,Leptocarpus tenax,0.20894408290797387,1.195695496213631,8363.333333333334,S15S1Leptocarpus tenax1,32.55309926,6.0685500966
S15,S2,Leptocarpus tenax,0.1655738203789372,NA,NA,NA,30.39066464,6.0685500966
S15,S3,Leptocarpus tenax,0.1596079423650316,1.643535427319211,2489.090909090909,S15S3Leptocarpus tenax3,24.83754513,6.0685500966
S15,S1,Lepyrodia scariosa,1.958691590752891,1.385361348418379,1968.6363636363637,S15S1Lepyrodia scariosa1,5.373831776,6.0685500966
S15,S2,Lepyrodia scariosa,0.14290069299575825,1.5473887814313347,2872.222222222222,S15S2Lepyrodia scariosa2,NA,6.0685500966
S15,S3,Lepyrodia scariosa,0.13203112843549364,0.3058103975535168,6540.0,S15S3Lepyrodia scariosa3,2.33463035,6.0685500966
S15,S1,Lomandra obliqua,0.3806037250343638,0.5707762557077626,2336.0,S15S1Lomandra obliqua1,NA,6.0685500966
S15,S2,Lomandra obliqua,0.4966736590253211,0.7731560228854183,NA,NA,NA,6.0685500966
S15,S3,Lomandra obliqua,0.4305325590857053,0.48259220958290244,NA,NA,NA,6.0685500966
S15,S1,Plinthanthesis paradoxa,0.206038711325729,1.4020875525782832,4011.8749999999995,S15S1Plinthanthesis paradoxa1,0.64516129,6.0685500966
S15,S1,Ptilothrix deusta,0.343545278865117,0.5737893045673629,179.30041152263377,S15S1Ptilothrix deusta1,14.64783282,6.0685500966
S15,S2,Ptilothrix deusta,0.3058387093109767,0.22593764121102575,670.6060606060606,S15S2Ptilothrix deusta2,5.529953917,6.0685500966
S15,S3,Ptilothrix deusta,0.3486341369205753,0.9087604507451836,696.4556962025315,S15S3Ptilothrix deusta3,12.08922525,6.0685500966
S16,S1,Banksia ericifolia,0.32625160839293627,0.8576329331046312,3041.739130434783,S16S1Banksia ericifolia1,NA,3.6356158782
S16,S2,Banksia ericifolia,0.26131977323703026,1.0666149520023271,1097.127659574468,S16S2Banksia ericifolia2,-23865.62822,3.6356158782
S16,S3,Banksia ericifolia,0.2944208249506986,1.5866719555731854,1008.4,S16S3Banksia ericifolia3,NA,3.6356158782
S16,S1,Cyathochaeta diandra,0.29002388551965297,0.8291873963515755,3445.714285714286,S16S1Cyathochaeta diandra1,-24603.47665,3.6356158782
S16,S2,Cyathochaeta diandra,0.21321209447544204,1.7308524448290783,1667.7319587628865,S16S2Cyathochaeta diandra2,2.648421982,3.6356158782
S16,S2,Cyathochaeta diandra,0.449750465386031,1.7308524448290783,1667.7319587628865,S16S2Cyathochaeta diandra2,2.648421982,3.6356158782
S16,S3,Cyathochaeta diandra,0.2785944256130387,1.3364219529579473,2158.4615384615386,S16S3Cyathochaeta diandra3,4.303232999,3.6356158782
S16,S1,Entolasia stricta,0.20973483829669184,1.1828486939379006,1585.1562499999998,S16S1Entolasia stricta1,-3.385049365,3.6356158782
S16,S2,Entolasia stricta,0.21767912246468124,1.5621948838117556,1038.0405405405404,S16S2Entolasia stricta2,-37648.33469,3.6356158782
S16,S3,Entolasia stricta,0.3334159155855037,0.8246572518297083,1469.848484848485,S16S3Entolasia stricta3,-9.309309309,3.6356158782
S16,S1,Eurychorda complanata,0.1323191010830683,0.266844563042028,675.2252252252252,S16S1Eurychorda complanata1,8.372867249,3.6356158782
S16,S2,Eurychorda complanata,0.20148756346131366,2.0185708518368997,1905.3846153846155,S16S2Eurychorda complanata2,10.68315027,3.6356158782
S16,S3,Eurychorda complanata,0.12626002621316787,0.2725909772386534,632.5,S16S3Eurychorda complanata3,15.01385446,3.6356158782
S16,S1,Gonocarpus tetragynus,0.16661573308426145,0.0,742.3404255319149,S16S1Gonocarpus tetragynus1,-13.29937748,3.6356158782
S16,S1,Gonocarpus tetragynus,0.16661573308426145,0.0,742.3404255319149,S16S1Gonocarpus tetragynus1,NA,3.6356158782
S16,S1,Gonocarpus tetragynus,0.3590365838684084,0.0,742.3404255319149,S16S1Gonocarpus tetragynus1,-13.29937748,3.6356158782
S16,S1,Gonocarpus tetragynus,0.3590365838684084,0.0,742.3404255319149,S16S1Gonocarpus tetragynus1,NA,3.6356158782
S16,S2,Gonocarpus tetragynus,0.32679293582603725,0.7458233890214797,1099.0163934426228,S16S2Gonocarpus tetragynus2,-12.52006421,3.6356158782
S16,S3,Gonocarpus tetragynus,0.4400840790898754,0.2972209838014564,1602.1428571428573,S16S3Gonocarpus tetragynus3,NA,3.6356158782
S16,S1,Leptocarpus tenax,0.15301393803961602,2.966593576679995,1360.1754385964912,S16S1Leptocarpus tenax1,15.76933588,3.6356158782
S16,S3,Leptocarpus tenax,0.1977148641150623,3.7916583516264217,5011.0,S16S3Leptocarpus tenax3,9.939284911,3.6356158782
S16,S1,Leptospermum squarrosum,0.2857259713233986,0.7467463196074248,2445.391304347826,S16S1Leptospermum squarrosum1,NA,3.6356158782
S16,S1,Lepyrodia scariosa,0.18704908720288366,0.0,1115.8620689655174,S16S1Lepyrodia scariosa1,13.22515213,3.6356158782
S16,S2,Lepyrodia scariosa,0.18501467645880687,1.6251904520060945,2401.2195121951218,S16S2Lepyrodia scariosa2,20.48509192,3.6356158782
S16,S3,Lepyrodia scariosa,0.16272914398955854,3.1379440190786996,4193.157894736842,S16S3Lepyrodia scariosa3,16.99169375,3.6356158782
S16,S1,Plinthanthesis paradoxa,0.18616031687911733,1.2593703148425786,4506.756756756757,S16S1Plinthanthesis paradoxa1,1.810637495,3.6356158782
S16,S1,Ptilothrix deusta,0.29447365509323464,2.224454649827784,8710.0,S16S1Ptilothrix deusta1,14.76428175,3.6356158782
S16,S2,Ptilothrix deusta,0.332098976315124,1.147995790682101,618.5207100591716,S16S2Ptilothrix deusta2,15.1592719,3.6356158782
S16,S3,Ptilothrix deusta,0.254727618884417,0.25329280648429586,1161.1764705882354,S16S3Ptilothrix deusta3,18.995671,3.6356158782
S16,S1,Xyris bracteata,0.11981133456732715,0.7103954534690978,1362.258064516129,S16S1Xyris bracteata1,6.420501516,3.6356158782
S16,S3,Xyris bracteata,0.12561573011505198,0.3304692663582287,1407.4418604651162,S16S3Xyris bracteata3,1.428765818,3.6356158782
S17,S1,Banksia ericifolia,0.17135923234433656,0.7833482542524619,783.859649122807,S17S1Banksia ericifolia1,NA,3.9835640516
S17,S1,Cyathochaeta diandra,0.2625569497781232,2.681564245810056,8950.0,S17S1Cyathochaeta diandra1,5.375325598,3.9835640516
S17,S2,Cyathochaeta diandra,0.24966674103237696,1.60393498716852,2833.939393939394,S17S2Cyathochaeta diandra2,2.11628425,3.9835640516
S17,S3,Cyathochaeta diandra,0.24046659863981099,0.8055421298533914,1034.5,S17S3Cyathochaeta diandra3,2.49872514,3.9835640516
S17,S1,Empodisma minus,0.2966736934754046,1.3962934755013963,829.2631578947369,S17S1Empodisma minus1,1.484190148,3.9835640516
S17,S2,Empodisma minus,0.23489366778002488,1.1604095563139931,1902.5974025974026,S17S2Empodisma minus2,1.105137395,3.9835640516
S17,S3,Empodisma minus,0.13191662455312989,0.7713073659853452,2330.7865168539324,S17S3Empodisma minus3,1.982714794,3.9835640516
S17,S1,Entolasia stricta,0.2684678290039686,0.9204712812960235,6790.0,S17S1Entolasia stricta1,NA,3.9835640516
S17,S1,Eurychorda complanata,0.16059684291334714,1.5172971879425452,625.6962025316454,S17S1Eurychorda complanata1,14.46846712,3.9835640516
S17,S2,Eurychorda complanata,0.16954935096134002,0.991899487518598,822.9931972789117,S17S2Eurychorda complanata2,11.66170903,3.9835640516
S17,S3,Eurychorda complanata,0.16036898097835595,0.22331397945511391,630.7042253521126,S17S3Eurychorda complanata3,16.48672078,3.9835640516
S17,S1,Gonocarpus tetragynus,0.09222643813769658,0.49127978383689513,1163.142857142857,S17S1Gonocarpus tetragynus1,NA,3.9835640516
S17,S2,Gonocarpus tetragynus,0.24343021775069382,0.28109627547434995,2092.6470588235297,S17S2Gonocarpus tetragynus2,NA,3.9835640516
S17,S3,Gonocarpus tetragynus,0.12021079112487235,0.6098490623570666,9370.0,S17S3Gonocarpus tetragynus3,3.889585947,3.9835640516
S17,S1,Lepidosperma neesii,0.22095811308993835,0.7859869750729844,2872.9032258064517,S17S1Lepidosperma neesii1,6.793382612,3.9835640516
S17,S2,Lepidosperma neesii,2.74259542089412,0.777302759424796,836.7479674796748,S17S2Lepidosperma neesii2,12.5,3.9835640516
S17,S3,Lepidosperma neesii,0.3052135917174062,0.7530120481927711,1229.6296296296296,S17S3Lepidosperma neesii3,4.368932039,3.9835640516
S17,S1,Leptocarpus tenax,0.1415481886915076,2.461356699812937,5974.705882352941,S17S1Leptocarpus tenax1,15.27682843,3.9835640516
S17,S2,Leptocarpus tenax,0.2564953243700498,3.253981846206542,4170.714285714286,S17S2Leptocarpus tenax2,0.934579439,3.9835640516
S17,S3,Leptocarpus tenax,0.136745191433312,0.977623289159244,736.4799999999999,S17S3Leptocarpus tenax3,5.288461538,3.9835640516
S17,S1,Lepyrodia scariosa,0.23891779637855737,0.9964570416297609,3926.9565217391305,S17S1Lepyrodia scariosa1,12.22125055,3.9835640516
S17,S2,Lepyrodia scariosa,1.8895008616367275,1.804402742692169,2409.5652173913045,S17S2Lepyrodia scariosa2,7.343660356,3.9835640516
S17,S1,Plinthanthesis paradoxa,0.18293474111992503,0.9503801520608243,3570.0,S17S1Plinthanthesis paradoxa1,1.919385797,3.9835640516
S17,S1,Ptilothrix deusta,0.32598204380535323,2.232142857142857,3027.0270270270266,S17S1Ptilothrix deusta1,22.13196523,3.9835640516
S17,S2,Ptilothrix deusta,0.3391037153946855,0.8032666175781511,1224.5081967213114,S17S2Ptilothrix deusta2,16.02167183,3.9835640516
S17,S3,Ptilothrix deusta,0.34653594560391887,2.1616228799467905,1961.0869565217392,S17S3Ptilothrix deusta3,11.75604007,3.9835640516
S18,S1,Banksia ericifolia,0.31403537188524716,2.332979851537646,471.5,S18S1Banksia ericifolia1,NA,7.2362084442
S18,S2,Banksia ericifolia,0.24972060191347925,1.5100037750094375,638.3132530120482,S18S2Banksia ericifolia2,NA,7.2362084442
S18,S3,Banksia ericifolia,0.10449647019729556,1.5839493136219642,1761.8604651162789,S18S3Banksia ericifolia3,NA,7.2362084442
S18,S1,Cyathochaeta diandra,0.21241076598925762,1.1499059167886263,1992.916666666667,S18S1Cyathochaeta diandra1,6.501035197,7.2362084442
S18,S2,Cyathochaeta diandra,0.44232891013991044,1.3151602104256335,2884.1379310344832,S18S2Cyathochaeta diandra2,7.890855457,7.2362084442
S18,S1,Empodisma minus,0.23362699117156874,0.9725261366399222,2518.1632653061224,S18S1Empodisma minus1,5.392302365,7.2362084442
S18,S2,Empodisma minus,0.2666278378133369,2.0176787086856267,4163.2,S18S2Empodisma minus2,3.959459459,7.2362084442
S18,S3,Empodisma minus,0.16184380517510338,2.241147467503362,5577.499999999999,S18S3Empodisma minus3,5.022123894,7.2362084442
S18,S4,Lepyrodia scariosa,0.6155427599991884,NA,NA,NA,16.77631579,7.2362084442
S18,S1,Entolasia stricta,0.28214862725502854,2.288911495422177,1008.2051282051283,S18S1Entolasia stricta1,NA,7.2362084442
S18,S2,Entolasia stricta,0.18556184285693725,0.8394739296707396,15315.714285714286,S18S2Entolasia stricta2,NA,7.2362084442
S18,S1,Eurychorda complanata,0.16056055231756747,2.614918799889898,8073.333333333334,S18S1Eurychorda complanata1,17.48747403,7.2362084442
S18,S2,Eurychorda complanata,0.18461912175397044,2.338269680436477,1749.5454545454545,S18S2Eurychorda complanata2,22.29834942,7.2362084442
S18,S3,Eurychorda complanata,0.15891067050666632,2.0972354623450906,3085.294117647059,S18S3Eurychorda complanata3,23.26040597,7.2362084442
S18,S1,Gonocarpus micranthus,0.11058673961113044,1.4385532264693794,12164.999999999998,S18S1Gonocarpus micranthus1,NA,7.2362084442
S18,S2,Gonocarpus micranthus,0.15500272449013996,0.7771517388770157,6433.75,S18S2Gonocarpus micranthus2,5.086285195,7.2362084442
S18,S3,Gonocarpus micranthus,0.13340874005809847,0.7112375533428166,4686.666666666667,S18S3Gonocarpus micranthus3,NA,7.2362084442
S18,S1,Gonocarpus tetragynus,0.19960000159680005,1.0729613733905579,4660.0,S18S1Gonocarpus tetragynus1,NA,7.2362084442
S18,S3,Gonocarpus tetragynus,0.9467752288131399,1.6574585635359116,1108.1632653061224,S18S3Gonocarpus tetragynus3,-164006.1947,7.2362084442
S18,S3,Gonocarpus tetragynus,0.9467752288131399,1.6574585635359116,7757.142857142857,S18S3Gonocarpus tetragynus3,-164006.1947,7.2362084442
S18,S2,Lepidosperma neesii,0.23649839866614672,0.3565486094604231,642.2900763358779,S18S2Lepidosperma neesii2,10.74235808,7.2362084442
S18,S3,Lepidosperma neesii,2.092875461229425,1.2139605462822458,1544.53125,S18S3Lepidosperma neesii3,6.501831502,7.2362084442
S18,S1,Leptocarpus tenax,0.21308981837458393,2.0855057351407718,3196.6666666666665,S18S1Leptocarpus tenax1,18.3871537,7.2362084442
S18,S2,Leptocarpus tenax,0.2756002276739616,2.882437718756434,6938.571428571429,S18S2Leptocarpus tenax2,46.72737621,7.2362084442
S18,S1,Leptospermum squarrosum,0.16683585094997638,2.3463162834350073,4261.999999999999,S18S1Leptospermum squarrosum1,NA,7.2362084442
S18,S2,Leptospermum squarrosum,0.206792792587863,1.3012361743656475,3074.0,S18S2Leptospermum squarrosum2,NA,7.2362084442
S18,S1,Lepyrodia scariosa,0.15958597245152767,2.6800071466857243,9328.333333333336,S18S1Lepyrodia scariosa1,14.55116462,7.2362084442
S18,S2,Lepyrodia scariosa,0.145254012374228,0.3486750348675035,2607.272727272727,S18S2Lepyrodia scariosa2,16.49142225,7.2362084442
S18,S3,Lepyrodia scariosa,0.015991259991389218,1.6959742926001964,2383.6170212765956,S18S3Lepyrodia scariosa3,13.94756009,7.2362084442
S18,S1,Lomandra obliqua,0.37672846489561546,3.050330452465684,4917.5,S18S1Lomandra obliqua1,NA,7.2362084442
S18,S1,Plinthanthesis paradoxa,0.14115139499029047,1.0108157282927321,2198.444444444445,S18S1Plinthanthesis paradoxa1,NA,7.2362084442
S18,S2,Plinthanthesis paradoxa,0.11638483956531716,1.0196649672250546,1961.4285714285716,S18S2Plinthanthesis paradoxa2,NA,7.2362084442
S18,S3,Plinthanthesis paradoxa,0.0884653744243755,0.9247842170160295,2027.5,S18S3Plinthanthesis paradoxa3,NA,7.2362084442
S18,S1,Ptilothrix deusta,0.38012671413176286,0.6482982171799028,277.9279279279279,S18S1Ptilothrix deusta1,10.79308289,7.2362084442
S18,S2,Ptilothrix deusta,0.322648361110832,0.17966223499820339,386.52777777777777,S18S2Ptilothrix deusta2,12.43578388,7.2362084442
S18,S3,Ptilothrix deusta,0.33759652273057505,0.8090614886731391,662.1428571428572,S18S3Ptilothrix deusta3,19.14641375,7.2362084442
S19,S2,Banksia ericifolia,0.21666740680843913,NA,NA,NA,NA,4.7707412382
S19,S3,Banksia ericifolia,0.3014968764526893,NA,NA,NA,NA,4.7707412382
S19,S2,Cyathochaeta diandra,0.09663924281104215,1.0473397570171763,2983.75,S19S2Cyathochaeta diandra2,6.661812887,4.7707412382
S19,S3,Cyathochaeta diandra,0.39066686072689844,1.2856568903173966,3456.944444444445,S19S3Cyathochaeta diandra3,17.23135088,4.7707412382
S19,S1,Empodisma minus,0.29046450345666514,1.7763423496164716,5384.782608695652,S19S1Empodisma minus1,1.585752623,4.7707412382
S19,S2,Empodisma minus,0.19712087249035914,1.536688436419516,3470.666666666667,S19S2Empodisma minus2,-3.362617389,4.7707412382
S19,S3,Empodisma minus,0.30407992612909585,0.5932370970931382,2809.444444444445,S19S3Empodisma minus3,1.247401247,4.7707412382
S19,S1,Entolasia stricta,0.26393979567594267,1.9420376456528234,1521.3636363636363,S19S1Entolasia stricta1,-0.376276653,4.7707412382
S19,S2,Entolasia stricta,0.26113031639506723,1.297016861219196,8673.75,S19S2Entolasia stricta2,0.680503573,4.7707412382
S19,S3,Entolasia stricta,0.25848516291283286,1.3742071881606763,4978.947368421053,S19S3Entolasia stricta3,-11.7545376,4.7707412382
S19,S1,Eurychorda complanata,0.13374186831370352,2.062564455139223,2128.5365853658536,S19S1Eurychorda complanata1,15.41330558,4.7707412382
S19,S2,Eurychorda complanata,0.17272927827009238,1.5417823003391922,1013.4374999999999,S19S2Eurychorda complanata2,19.44379709,4.7707412382
S19,S3,Eurychorda complanata,0.15424023399479364,1.460387002555677,1611.1764705882354,S19S3Eurychorda complanata3,17.91090255,4.7707412382
S19,S1,Gonocarpus micranthus,0.1781419863697898,1.2512512512512513,4995.0,S19S1Gonocarpus micranthus1,-11.35902637,4.7707412382
S19,S1,Gonocarpus tetragynus,0.3370295108929574,0.4516711833785005,5535.0,S19S1Gonocarpus tetragynus1,NA,4.7707412382
S19,S3,Gonocarpus tetragynus,0.5443636370601285,0.25926886180969666,567.2058823529412,S19S3Gonocarpus tetragynus3,NA,4.7707412382
S19,S1,Lepidosperma neesii,0.22273207062800748,1.4111338460452973,824.0116279069767,S19S1Lepidosperma neesii1,15.31841652,4.7707412382
S19,S3,Lepidosperma neesii,0.27488517342773955,5.71256764882742,4157.5,S19S3Lepidosperma neesii3,8.066860465,4.7707412382
S19,S1,Leptocarpus tenax,0.13207134652165337,2.3840485478977027,2006.086956521739,S19S1Leptocarpus tenax1,20.43728423,4.7707412382
S19,S2,Leptocarpus tenax,0.1039830307009966,3.6294503975112344,3616.2499999999995,S19S2Leptocarpus tenax2,24.3848634,4.7707412382
S19,S3,Leptocarpus tenax,0.13072104975998716,4.067197170645446,4350.0,S19S3Leptocarpus tenax3,29.82501287,4.7707412382
S19,S2,Leptospermum squarrosum,0.2793277073364299,1.577784790154623,1864.1176470588236,S19S2Leptospermum squarrosum2,NA,4.7707412382
S19,S3,Leptospermum squarrosum,0.20187464204569414,2.044392523364486,17120.0,S19S3Leptospermum squarrosum3,NA,4.7707412382
S19,S1,Lepyrodia scariosa,0.17108571402827102,3.0470914127423825,18050.0,S19S1Lepyrodia scariosa1,14.33333333,4.7707412382
S19,S2,Lepyrodia scariosa,0.19985513394310211,2.528800224782242,2372.6666666666665,S19S2Lepyrodia scariosa2,11.93012356,4.7707412382
S19,S3,Lepyrodia scariosa,0.23648260853525527,0.8152806894945259,2385.0,S19S3Lepyrodia scariosa3,-1.913043478,4.7707412382
S19,S1,Plinthanthesis paradoxa,0.15836717767909908,0.6650041562759768,2074.137931034483,S19S1Plinthanthesis paradoxa1,-1.277139208,4.7707412382
S19,S3,Plinthanthesis paradoxa,0.1774440078864352,0.5434191935659167,4381.428571428572,S19S3Plinthanthesis paradoxa3,-1.787819253,4.7707412382
S19,S3,Plinthanthesis paradoxa,0.1774440078864352,0.5434191935659167,4381.428571428572,S19S3Plinthanthesis paradoxa3,3.477075166,4.7707412382
S19,S3,Plinthanthesis paradoxa,0.15394409395541797,0.5434191935659167,4381.428571428572,S19S3Plinthanthesis paradoxa3,-1.787819253,4.7707412382
S19,S3,Plinthanthesis paradoxa,0.15394409395541797,0.5434191935659167,4381.428571428572,S19S3Plinthanthesis paradoxa3,3.477075166,4.7707412382
S19,S1,Ptilothrix deusta,0.3366003025025409,0.6384337092998511,796.4406779661017,S19S1Ptilothrix deusta1,10.02337412,4.7707412382
S19,S2,Ptilothrix deusta,0.5087261927975306,1.6923655509590072,1131.4893617021276,S19S2Ptilothrix deusta2,24.29923891,4.7707412382
S19,S3,Ptilothrix deusta,0.33791181168470774,1.2096077414895456,1808.4375,S19S3Ptilothrix deusta3,5.505077499,4.7707412382
S19,S1,Xyris bracteata,0.09933948583776817,0.0,1104.8648648648648,S19S1Xyris bracteata1,15.64491321,4.7707412382
S20,S1,Banksia ericifolia,0.17504908957216225,1.3008734435978442,441.06557377049177,S20S1Banksia ericifolia1,NA,6.5868154734
S20,S2,Banksia ericifolia,0.4080058796289019,1.7804154302670625,185.16483516483515,S20S2Banksia ericifolia2,NA,6.5868154734
S20,S3,Banksia ericifolia,0.2665798643333543,2.384737678855326,441.4035087719298,S20S3Banksia ericifolia3,NA,6.5868154734
S20,S1,Cyathochaeta diandra,0.28088975363237373,0.891000891000891,821.2195121951219,S20S1Cyathochaeta diandra1,NA,6.5868154734
S20,S2,Cyathochaeta diandra,0.4078554534044488,2.2746071133167907,1860.0000000000002,S20S2Cyathochaeta diandra2,6.767411301,6.5868154734
S20,S3,Cyathochaeta diandra,0.18531284203035778,1.6684362202335812,1177.3214285714287,S20S3Cyathochaeta diandra3,8.652631579,6.5868154734
S20,S1,Empodisma minus,0.11830803749896934,1.4114326040931544,497.1929824561403,S20S1Empodisma minus1,3.68208352,6.5868154734
S20,S3,Empodisma minus,0.14570827110534054,0.9324009324009325,213.78737541528238,S20S3Empodisma minus3,10.45769387,6.5868154734
S20,S1,Entolasia stricta,0.24537115861866368,4.4139283962726825,970.9523809523811,S20S1Entolasia stricta1,NA,6.5868154734
S20,S2,Entolasia stricta,0.15026920158262005,1.394700139470014,2560.714285714286,S20S2Entolasia stricta2,1.825095057,6.5868154734
S20,S3,Entolasia stricta,0.18537616841054147,2.4432809773123907,4775.000000000001,S20S3Entolasia stricta3,0.934579439,6.5868154734
S20,S1,Eurychorda complanata,0.0841535419304416,2.7034333603676672,1422.6923076923076,S20S1Eurychorda complanata1,23.62459547,6.5868154734
S20,S2,Eurychorda complanata,0.09356249997680267,0.3270111183780249,424.72222222222223,S20S2Eurychorda complanata2,14.9535124,6.5868154734
S20,S3,Eurychorda complanata,0.14820035370484416,0.7024116132053383,561.9736842105264,S20S3Eurychorda complanata3,15.55686506,6.5868154734
S20,S1,Gonocarpus micranthus,0.13213937296042444,1.506402209389907,1991.5,S20S1Gonocarpus micranthus1,NA,6.5868154734
S20,S2,Gonocarpus micranthus,0.103287634680704,0.5319148936170213,2685.714285714286,S20S2Gonocarpus micranthus2,5.107526882,6.5868154734
S20,S2,Gonocarpus micranthus,0.103287634680704,0.5319148936170213,4699.999999999999,S20S2Gonocarpus micranthus2,5.107526882,6.5868154734
S20,S3,Gonocarpus micranthus,0.15402806167242855,NA,NA,NA,NA,6.5868154734
S20,S1,Gonocarpus tetragynus,0.27092281035207655,1.8438844499078058,2324.285714285714,S20S1Gonocarpus tetragynus1,NA,6.5868154734
S20,S2,Gonocarpus tetragynus,2.988361572128533,2.5630072618539086,4682.0,S20S2Gonocarpus tetragynus2,NA,6.5868154734
S20,S1,Lepidosperma neesii,0.17916654191666662,NA,NA,NA,23.24594257,6.5868154734
S20,S2,Lepidosperma neesii,0.16657544885328446,2.2480329711502436,1312.622950819672,S20S2Lepidosperma neesii2,23.92042698,6.5868154734
S20,S3,Lepidosperma neesii,1.502886884681879,1.2496875781054735,430.21505376344095,S20S3Lepidosperma neesii3,24.56627342,6.5868154734
S20,S1,Leptocarpus tenax,0.17102740283500575,5.842259006815969,1081.0526315789473,S20S1Leptocarpus tenax1,23.96728016,6.5868154734
S20,S2,Leptocarpus tenax,0.20241126780234334,6.097560975609756,2050.0,S20S2Leptocarpus tenax2,25.07042254,6.5868154734
S20,S3,Leptocarpus tenax,0.11589429006890778,3.0683403068340307,1236.2068965517242,S20S3Leptocarpus tenax3,33.48765432,6.5868154734
S20,S1,Leptospermum squarrosum,0.18765811795796922,1.1200716845878136,1594.2857142857144,S20S1Leptospermum squarrosum1,NA,6.5868154734
S20,S2,Leptospermum squarrosum,0.16392270504476464,2.5149324111914493,1871.1764705882354,S20S2Leptospermum squarrosum2,NA,6.5868154734
S20,S3,Leptospermum squarrosum,0.27929768196266214,NA,NA,NA,NA,6.5868154734
S20,S1,Lepyrodia scariosa,0.11410580218330656,1.4571466419393297,705.5140186915888,S20S1Lepyrodia scariosa1,17.03071672,6.5868154734
S20,S2,Lepyrodia scariosa,0.07836644305505429,1.2201073694485116,499.75609756097555,S20S2Lepyrodia scariosa2,7.315436242,6.5868154734
S20,S3,Lepyrodia scariosa,0.11748872564189526,1.333841463414634,323.95061728395063,S20S3Lepyrodia scariosa3,9.779758783,6.5868154734
S20,S1,Plinthanthesis paradoxa,0.12285300463111024,1.8903591682419658,1923.6363636363635,S20S1Plinthanthesis paradoxa1,NA,6.5868154734
S20,S4,Plinthanthesis paradoxa,0.13915142438978323,NA,NA,NA,8.738487899,6.5868154734
S20,S2,Plinthanthesis paradoxa,0.1291485369104778,NA,NA,NA,8.552138035,6.5868154734
S20,S3,Plinthanthesis paradoxa,0.12519312018317139,2.778371446890361,2339.5,S20S3Plinthanthesis paradoxa3,27.63133296,6.5868154734
S20,S1,Ptilothrix deusta,0.13306666663367495,1.0029754939654307,155.78645833333334,S20S1Ptilothrix deusta1,9.944903581,6.5868154734
S20,S2,Ptilothrix deusta,0.32485995447903665,1.4981273408239701,988.8888888888888,S20S2Ptilothrix deusta2,25.37850114,6.5868154734
S20,S2,Ptilothrix deusta,0.19812679781890083,1.4981273408239701,988.8888888888888,S20S2Ptilothrix deusta2,25.37850114,6.5868154734
S20,S3,Ptilothrix deusta,0.36878423758417117,9.685230024213075,2065.0000000000005,S20S3Ptilothrix deusta3,11.3805456,6.5868154734
S3,S1,Banksia ericifolia,0.0993641920685776,2.1509581540868203,7305.714285714285,S3S1Banksia ericifolia1,NA,5.2133418098
S3,S2,Banksia ericifolia,0.20376289820515012,0.8821676118462508,2833.928571428571,S3S2Banksia ericifolia2,NA,5.2133418098
S3,S3,Banksia ericifolia,0.324682666383832,0.3521746786406057,1534.8648648648648,S3S3Banksia ericifolia3,NA,5.2133418098
S3,S1,Cyathochaeta diandra,0.18523218057971166,0.3589375448671931,314.8022598870056,S3S1Cyathochaeta diandra1,2.187720536,5.2133418098
S3,S2,Cyathochaeta diandra,0.31566910151552857,1.3717421124828533,1301.7857142857142,S3S2Cyathochaeta diandra2,4.01459854,5.2133418098
S3,S1,Entolasia stricta,0.12685760277444966,0.5184609117505462,6429.285714285715,S3S1Entolasia stricta1,-17.77956557,5.2133418098
S3,S2,Entolasia stricta,0.1328347331022632,1.0962658444672833,9121.875,S3S2Entolasia stricta2,1.80636983,5.2133418098
S3,S3,Entolasia stricta,0.1000670549806699,1.1235113474646092,7853.529411764707,S3S3Entolasia stricta3,1.558318904,5.2133418098
S3,S1,Gonocarpus micranthus,0.07869534040750277,0.40942420069229907,8141.515151515152,S3S1Gonocarpus micranthus1,5.171530978,5.2133418098
S3,S2,Gonocarpus micranthus,0.09765232010234554,0.576,6793.478260869565,S3S2Gonocarpus micranthus2,4.539340955,5.2133418098
S3,S3,Gonocarpus micranthus,0.0924009744314971,0.47316479653913746,3793.3333333333335,S3S3Gonocarpus micranthus3,2.506091194,5.2133418098
S3,S1,Gonocarpus tetragynus,0.09893306099339483,0.628563731872671,7424.333333333333,S3S1Gonocarpus tetragynus1,4.036791007,5.2133418098
S3,S2,Gonocarpus tetragynus,0.4008798771160387,0.6005705420149141,6445.483870967742,S3S2Gonocarpus tetragynus2,1.530221882,5.2133418098
S3,S2,Gonocarpus tetragynus,0.4008798771160387,0.6005705420149141,6445.483870967742,S3S2Gonocarpus tetragynus2,0.357956394,5.2133418098
S3,S2,Gonocarpus tetragynus,0.17050113876573908,0.6005705420149141,6445.483870967742,S3S2Gonocarpus tetragynus2,1.530221882,5.2133418098
S3,S2,Gonocarpus tetragynus,0.17050113876573908,0.6005705420149141,6445.483870967742,S3S2Gonocarpus tetragynus2,0.357956394,5.2133418098
S3,S3,Gonocarpus tetragynus,0.1415650421995327,0.5744925315970892,1470.9859154929577,S3S3Gonocarpus tetragynus3,2.117647059,5.2133418098
S3,S1,Lepidosperma neesii,0.17359266250706665,0.7098606091894683,4998.709677419355,S3S1Lepidosperma neesii1,10.87919039,5.2133418098
S3,S2,Lepidosperma neesii,0.17496358345282423,1.3848671786478661,3971.4999999999995,S3S2Lepidosperma neesii2,14.59877538,5.2133418098
S3,S1,Leptocarpus tenax,0.06993914919859665,1.5895953757225434,9226.666666666666,S3S1Leptocarpus tenax1,10.42537851,5.2133418098
S3,S1,Leptocarpus tenax,0.06993914919859665,1.5895953757225434,9226.666666666666,S3S1Leptocarpus tenax1,18.47325185,5.2133418098
S3,S1,Leptocarpus tenax,0.09718052502278543,1.5895953757225434,9226.666666666666,S3S1Leptocarpus tenax1,10.42537851,5.2133418098
S3,S1,Leptocarpus tenax,0.09718052502278543,1.5895953757225434,9226.666666666666,S3S1Leptocarpus tenax1,18.47325185,5.2133418098
S3,S2,Leptocarpus tenax,0.14677465254373004,2.2733351163412676,8308.888888888889,S3S2Leptocarpus tenax2,20.02710945,5.2133418098
S3,S2,Leptocarpus tenax,0.14677465254373004,2.2733351163412676,9347.5,S3S2Leptocarpus tenax2,20.02710945,5.2133418098
S3,S3,Leptocarpus tenax,0.1044300709613485,1.260835303388495,7931.249999999999,S3S3Leptocarpus tenax3,8.770741619,5.2133418098
S3,S3,Leptocarpus tenax,0.1044300709613485,1.260835303388495,2440.3846153846152,S3S3Leptocarpus tenax3,8.770741619,5.2133418098
S3,S3,Leptocarpus tenax,0.08719403983180554,1.260835303388495,7931.249999999999,S3S3Leptocarpus tenax3,8.770741619,5.2133418098
S3,S3,Leptocarpus tenax,0.08719403983180554,1.260835303388495,2440.3846153846152,S3S3Leptocarpus tenax3,8.770741619,5.2133418098
S3,S1,Leptospermum squarrosum,0.13268208096575942,0.7731958762886598,4850.0,S3S1Leptospermum squarrosum1,NA,5.2133418098
S3,S2,Leptospermum squarrosum,0.14398095913939143,1.085026632471888,5335.789473684211,S3S2Leptospermum squarrosum2,NA,5.2133418098
S3,S3,Leptospermum squarrosum,0.1322752763988351,0.7613247049866769,9552.727272727272,S3S3Leptospermum squarrosum3,NA,5.2133418098
S3,S1,Lepyrodia scariosa,0.10324137901429876,1.3374944271065536,37383.333333333336,S3S1Lepyrodia scariosa1,19.23774955,5.2133418098
S3,S2,Plinthanthesis paradoxa,0.13113599668292414,0.5735462807729639,2869.1139240506327,S3S2Plinthanthesis paradoxa2,3.065290692,5.2133418098
S3,S3,Plinthanthesis paradoxa,0.160504241104031,0.3061068312841182,6322.903225806452,S3S3Plinthanthesis paradoxa3,2.198660714,5.2133418098
S3,S1,Ptilothrix deusta,0.2486919028138711,1.2776831345826236,10062.857142857143,S3S1Ptilothrix deusta1,11.19433198,5.2133418098
S3,S2,Ptilothrix deusta,0.23737023163512797,1.3420047486321875,10763.333333333332,S3S2Ptilothrix deusta2,6.50710546,5.2133418098
S3,S3,Ptilothrix deusta,0.23355175155419147,0.8460748171874055,5014.242424242424,S3S3Ptilothrix deusta3,11.12596951,5.2133418098
S4,S1,Banksia ericifolia,0.24155946309238455,0.2188662727073758,652.7142857142857,S4S1Banksia ericifolia1,1.005025126,3.6258280186
S4,S2,Banksia ericifolia,0.22982334424007764,2.3591860808021234,5651.666666666667,S4S2Banksia ericifolia2,-8.359621451,3.6258280186
S4,S3,Banksia ericifolia,0.3031225576439098,0.4355400696864112,1350.5882352941176,S4S3Banksia ericifolia3,-1.894612197,3.6258280186
S4,S1,Cyathochaeta diandra,0.21231626922120758,0.17152658662092624,351.2048192771084,S4S1Cyathochaeta diandra1,1.706484642,3.6258280186
S4,S2,Cyathochaeta diandra,0.2316535765074411,0.4446420631391729,1058.3529411764705,S4S2Cyathochaeta diandra2,1.893408135,3.6258280186
S4,S3,Cyathochaeta diandra,0.29630965413210175,0.4371903235208394,1633.8095238095239,S4S3Cyathochaeta diandra3,1.4571949,3.6258280186
S4,S1,Entolasia stricta,0.25612858702915836,0.8771929824561404,764.6341463414633,S4S1Entolasia stricta1,NA,3.6258280186
S4,S2,Entolasia stricta,0.29957118439156755,0.7947546195112258,1398.0555555555557,S4S2Entolasia stricta2,NA,3.6258280186
S4,S1,Gonocarpus tetragynus,0.2870674973204788,1.9448946515397083,3856.2499999999995,S4S1Gonocarpus tetragynus1,1.038421599,3.6258280186
S4,S1,Gonocarpus tetragynus,0.2870674973204788,1.9448946515397083,3856.2499999999995,S4S1Gonocarpus tetragynus1,-7.972136223,3.6258280186
S4,S1,Gonocarpus tetragynus,0.2139674919884623,1.9448946515397083,3856.2499999999995,S4S1Gonocarpus tetragynus1,1.038421599,3.6258280186
S4,S1,Gonocarpus tetragynus,0.2139674919884623,1.9448946515397083,3856.2499999999995,S4S1Gonocarpus tetragynus1,-7.972136223,3.6258280186
S4,S3,Gonocarpus tetragynus,0.2658224295537684,2.3059185242121445,1327.5510204081634,S4S3Gonocarpus tetragynus3,NA,3.6258280186
S4,S1,Lepidosperma neesii,0.2287269465574486,1.17096018735363,1592.2033898305085,S4S1Lepidosperma neesii1,2.417188899,3.6258280186
S4,S2,Lepidosperma neesii,0.316897403078922,0.7372301211163771,1582.4999999999998,S4S2Lepidosperma neesii2,10.51948052,3.6258280186
S4,S3,Lepidosperma neesii,0.33376821238471077,0.0,517.0454545454545,S4S3Lepidosperma neesii3,-0.496688742,3.6258280186
S4,S1,Leptocarpus tenax,0.19624940111024988,0.3811944091486658,2127.027027027027,S4S1Leptocarpus tenax1,9.832134293,3.6258280186
S4,S2,Leptocarpus tenax,0.21137938169198595,0.8708272859216256,2153.125,S4S2Leptocarpus tenax2,20.01183257,3.6258280186
S4,S3,Leptocarpus tenax,0.20523021017752957,1.6920473773265652,4111.304347826087,S4S3Leptocarpus tenax3,16.83348499,3.6258280186
S4,S1,Leptospermum squarrosum,0.3354421921794353,0.3379520108144643,672.5,S4S1Leptospermum squarrosum1,-0.655542312,3.6258280186
S4,S2,Leptospermum squarrosum,0.39802873311466846,0.7579585649317837,7916.0,S4S2Leptospermum squarrosum2,-1.618777823,3.6258280186
S4,S3,Leptospermum squarrosum,0.29298011702302884,1.791847095714499,943.2394366197183,S4S3Leptospermum squarrosum3,-1.130604288,3.6258280186
S4,S1,Lepyrodia scariosa,0.19608720769892068,1.3917884481558802,942.295081967213,S4S1Lepyrodia scariosa1,18.59732072,3.6258280186
S4,S2,Lepyrodia scariosa,0.23286666703985043,0.8395130824122009,3248.6363636363635,S4S2Lepyrodia scariosa2,17.62820513,3.6258280186
S4,S3,Lepyrodia scariosa,0.17424477956417397,2.2246941045606228,2247.5,S4S3Lepyrodia scariosa3,23.60788863,3.6258280186
S4,S1,Lomandra obliqua,0.40171069215595134,0.8628127696289906,1413.4146341463413,S4S1Lomandra obliqua1,-5.39083558,3.6258280186
S4,S2,Lomandra obliqua,0.5476184267872183,0.11960291831120679,221.7771883289125,S4S2Lomandra obliqua2,NA,3.6258280186
S4,S3,Lomandra obliqua,0.49364487719152406,1.3638430065161389,2999.5454545454545,S4S3Lomandra obliqua3,NA,3.6258280186
S4,S1,Ptilothrix deusta,0.35386872801648384,0.33296337402885684,770.0854700854701,S4S1Ptilothrix deusta1,12.24732461,3.6258280186
S4,S2,Ptilothrix deusta,0.39074969096926915,1.1550981833455845,3662.6923076923076,S4S2Ptilothrix deusta2,6.458590853,3.6258280186
S4,S3,Ptilothrix deusta,0.3865129336060586,1.2729124236252547,2618.6666666666665,S4S3Ptilothrix deusta3,8.647450111,3.6258280186
S4,S1,Xyris bracteata,0.19676716524110321,0.09547450830628222,824.724409448819,S4S1Xyris bracteata1,6.482546989,3.6258280186
S4,S2,Xyris bracteata,0.2192218508084705,0.5143151037202126,1458.25,S4S2Xyris bracteata2,16.00783681,3.6258280186
S4,S3,Xyris bracteata,0.11869078557850302,0.25090954710826746,1811.590909090909,S4S3Xyris bracteata3,7.69538277,3.6258280186
S5,S1,Banksia ericifolia,0.17940238132186445,2.0186915887850465,8916.666666666666,S5S1Banksia ericifolia1,NA,4.8724604956
S5,S2,Banksia ericifolia,0.3021873294470774,1.601708489054992,1012.4324324324324,S5S2Banksia ericifolia2,NA,4.8724604956
S5,S3,Banksia ericifolia,0.2533916811640797,1.1278725504018046,622.1929824561403,S5S3Banksia ericifolia3,NA,4.8724604956
S5,S1,Cyathochaeta diandra,0.1747176156288077,0.6260434056761269,1652.4137931034484,S5S1Cyathochaeta diandra1,10.51490515,4.8724604956
S5,S2,Cyathochaeta diandra,0.11455642026020774,0.44666120747413085,932.8472222222223,S5S2Cyathochaeta diandra2,6.420233463,4.8724604956
S5,S3,Cyathochaeta diandra,0.21407160065136854,1.9841269841269842,3665.454545454545,S5S3Cyathochaeta diandra3,9.80746089,4.8724604956
S5,S1,Entolasia stricta,0.17594103503745015,1.8121735422662828,5863.125,S5S1Entolasia stricta1,-7.882069795,4.8724604956
S5,S2,Entolasia stricta,0.1646244291809908,0.8017103153393906,9355.0,S5S2Entolasia stricta2,0.884703196,4.8724604956
S5,S3,Entolasia stricta,0.18346443858557204,0.7397361607693256,9012.222222222223,S5S3Entolasia stricta3,-4.897007384,4.8724604956
S5,S1,Eurychorda complanata,0.12412569915470972,0.9881422924901186,833.4117647058822,S5S1Eurychorda complanata1,13.43832794,4.8724604956
S5,S2,Eurychorda complanata,0.10045399739404018,0.9449562957713207,2116.5,S5S2Eurychorda complanata2,16.80209699,4.8724604956
S5,S3,Eurychorda complanata,0.0969517015653537,1.5363343063450605,8136.25,S5S3Eurychorda complanata3,9.714599341,4.8724604956
S5,S1,Gonocarpus micranthus,0.1284554453029056,0.44531528322052016,4491.2,S5S1Gonocarpus micranthus1,0.076161462,4.8724604956
S5,S2,Gonocarpus micranthus,0.14485714285714288,0.47901896915117836,3599.3103448275865,S5S2Gonocarpus micranthus2,-1.259662182,4.8724604956
S5,S3,Gonocarpus micranthus,0.15047450114701677,0.8630920271873989,6620.714285714286,S5S3Gonocarpus micranthus3,-2.937915743,4.8724604956
S5,S3,Gonocarpus micranthus,0.15047450114701677,0.8630920271873989,6620.714285714286,S5S3Gonocarpus micranthus3,9.154175589,4.8724604956
S5,S3,Gonocarpus micranthus,0.07265952898454993,0.8630920271873989,6620.714285714286,S5S3Gonocarpus micranthus3,-2.937915743,4.8724604956
S5,S3,Gonocarpus micranthus,0.07265952898454993,0.8630920271873989,6620.714285714286,S5S3Gonocarpus micranthus3,9.154175589,4.8724604956
S5,S1,Gonocarpus tetragynus,0.21147211849331887,0.8724915866882712,7293.636363636363,S5S1Gonocarpus tetragynus1,NA,4.8724604956
S5,S2,Gonocarpus tetragynus,0.18743166104253925,0.7624857033930613,3885.925925925926,S5S2Gonocarpus tetragynus2,NA,4.8724604956
S5,S1,Haemodorum corymbosum,0.24882628327776438,2.774181616423155,2703.5,S5S1Haemodorum corymbosum1,-9.540954095,4.8724604956
S5,S2,Haemodorum corymbosum,0.12967320553364076,1.6878128273774882,464.3783783783784,S5S2Haemodorum corymbosum2,-1.569351489,4.8724604956
S5,S3,Haemodorum corymbosum,0.12776248743619353,2.359882005899705,2054.5454545454545,S5S3Haemodorum corymbosum3,-7.409857757,4.8724604956
S5,S1,Lepidosperma neesii,0.2064018803398937,2.0776277268863916,2521.1904761904766,S5S1Lepidosperma neesii1,16.72542107,4.8724604956
S5,S2,Lepidosperma neesii,0.191671962362454,0.5630982919351811,2103.0263157894738,S5S2Lepidosperma neesii2,10.93457944,4.8724604956
S5,S3,Lepidosperma neesii,0.19493573784968968,2.350728725905031,4726.666666666666,S5S3Lepidosperma neesii3,20.52324105,4.8724604956
S5,S1,Leptocarpus tenax,0.1107277771124298,1.0471204188481675,1975.8620689655174,S5S1Leptocarpus tenax1,29.48091401,4.8724604956
S5,S2,Leptocarpus tenax,0.09992370199970145,2.4806201550387597,2580.0,S5S2Leptocarpus tenax2,21.09902217,4.8724604956
S5,S3,Leptocarpus tenax,0.12592136147722224,0.630715862503942,1585.5,S5S3Leptocarpus tenax3,14.08450704,4.8724604956
S5,S2,Leptospermum squarrosum,0.14772395260091656,1.2496875781054735,3637.2727272727275,S5S2Leptospermum squarrosum2,NA,4.8724604956
S5,S3,Leptospermum squarrosum,0.16123295176207883,0.9218477926866742,3905.2,S5S3Leptospermum squarrosum3,NA,4.8724604956
S5,S1,Lepyrodia scariosa,0.11867707152562146,1.5459136349582605,9703.0,S5S1Lepyrodia scariosa1,14.19546637,4.8724604956
S5,S2,Lepyrodia scariosa,0.11136480674774381,2.211166390270868,9045.0,S5S2Lepyrodia scariosa2,17.04115122,4.8724604956
S5,S3,Lepyrodia scariosa,0.0905933579910777,0.0,1552.4137931034484,S5S3Lepyrodia scariosa3,2.656826568,4.8724604956
S5,S1,Plinthanthesis paradoxa,0.1256409234818051,1.9617769902543982,4514.857142857142,S5S1Plinthanthesis paradoxa1,8.204617173,4.8724604956
S5,S2,Plinthanthesis paradoxa,0.1329396947072289,0.6557854852812591,4732.413793103448,S5S2Plinthanthesis paradoxa2,10.9351145,4.8724604956
S5,S3,Plinthanthesis paradoxa,0.15359341437160004,0.8869410966765795,4356.136363636364,S5S3Plinthanthesis paradoxa3,-8.160343593,4.8724604956
S5,S1,Ptilothrix deusta,0.23322145527946664,0.36436509382401167,299.9453551912568,S5S1Ptilothrix deusta1,8.030112923,4.8724604956
S5,S2,Ptilothrix deusta,0.23704135386708047,0.7978299026647518,1989.5238095238096,S5S2Ptilothrix deusta2,13.91967584,4.8724604956
S5,S3,Ptilothrix deusta,0.24359855456551888,1.2595900606893393,1420.0,S5S3Ptilothrix deusta3,12.53285151,4.8724604956
S6,S1,Banksia ericifolia,0.23713296694824215,0.9235315847801996,395.1824817518248,S6S1Banksia ericifolia1,NA,5.9528669352
S6,S2,Banksia ericifolia,0.16877940981215978,0.13385686239514547,987.3127753303963,S6S2Banksia ericifolia2,NA,5.9528669352
S6,S3,Banksia ericifolia,0.34495076491836113,0.7881773399014778,1450.0,S6S3Banksia ericifolia3,NA,5.9528669352
S6,S1,Entolasia stricta,0.16521181114830924,1.228932584269663,1998.59649122807,S6S1Entolasia stricta1,1.185770751,5.9528669352
S6,S2,Entolasia stricta,0.14235810445982855,2.064435408195183,8413.157894736842,S6S2Entolasia stricta2,-1.851152248,5.9528669352
S6,S2,Entolasia stricta,0.1078307517627095,2.064435408195183,8413.157894736842,S6S2Entolasia stricta2,-1.851152248,5.9528669352
S6,S3,Entolasia stricta,0.3311545459577283,2.195293291183702,3450.909090909091,S6S3Entolasia stricta3,3.397027601,5.9528669352
S6,S3,Entolasia stricta,0.18045930622691647,2.195293291183702,3450.909090909091,S6S3Entolasia stricta3,3.397027601,5.9528669352
S6,S1,Gonocarpus micranthus,0.2137369296922299,1.5772870662460567,1118.8235294117646,S6S1Gonocarpus micranthus1,8.027079304,5.9528669352
S6,S1,Gonocarpus micranthus,0.12257833706444417,1.5772870662460567,1118.8235294117646,S6S1Gonocarpus micranthus1,8.027079304,5.9528669352
S6,S2,Gonocarpus micranthus,0.09631281179093325,1.0789668892035875,7061.4285714285725,S6S2Gonocarpus micranthus2,-10.31613977,5.9528669352
S6,S3,Gonocarpus micranthus,0.11213483151947144,1.3562386980108498,14746.66666666667,S6S3Gonocarpus micranthus3,5.767790262,5.9528669352
S6,S1,Lepidosperma neesii,0.2739607811443753,0.6762468300929839,910.0,S6S1Lepidosperma neesii1,9.803921569,5.9528669352
S6,S2,Lepidosperma neesii,0.1713319518301424,1.0398098633392752,3205.7142857142862,S6S2Lepidosperma neesii2,5.630397237,5.9528669352
S6,S3,Lepidosperma neesii,0.534362204800146,0.9601536245799328,664.7872340425531,S6S3Lepidosperma neesii3,8.346456693,5.9528669352
S6,S3,Lepidosperma neesii,0.1995413114529321,0.9601536245799328,664.7872340425531,S6S3Lepidosperma neesii3,8.346456693,5.9528669352
S6,S1,Leptocarpus tenax,0.12611421606736342,0.6987143655673561,8945.0,S6S1Leptocarpus tenax1,5.164034022,5.9528669352
S6,S2,Leptocarpus tenax,0.22391025676908696,1.9355730678833127,1130.15625,S6S2Leptocarpus tenax2,6.987179487,5.9528669352
S6,S1,Lepyrodia scariosa,0.1432368736244238,2.692778457772338,2402.9411764705883,S6S1Lepyrodia scariosa1,1.983663944,5.9528669352
S6,S1,Plinthanthesis paradoxa,0.13517579281105796,1.0050756319413034,5852.64705882353,S6S1Plinthanthesis paradoxa1,1.53698367,5.9528669352
S6,S2,Plinthanthesis paradoxa,0.12454954458873295,1.0728174869250369,2405.483870967742,S6S2Plinthanthesis paradoxa2,0.321371184,5.9528669352
S6,S3,Plinthanthesis paradoxa,0.16761352396768325,0.6169723484211117,2476.25,S6S3Plinthanthesis paradoxa3,1.663001649,5.9528669352
S6,S1,Ptilothrix deusta,0.24766608338218396,1.0135135135135134,934.7368421052632,S6S1Ptilothrix deusta1,6.825341267,5.9528669352
S6,S2,Ptilothrix deusta,0.2831279773117119,1.9864260883959608,1139.8113207547171,S6S2Ptilothrix deusta2,17.45616331,5.9528669352
S6,S3,Ptilothrix deusta,0.32136721013856745,0.0,398.44961240310073,S6S3Ptilothrix deusta3,10.05616475,5.9528669352
S7,S1,Banksia ericifolia,0.1731436497093978,0.1913387333375853,1295.7851239669421,S7S1Banksia ericifolia1,2.428868841,3.3689454422000003
S7,S2,Banksia ericifolia,0.27010466106801995,1.2784454103809766,1466.625,S7S2Banksia ericifolia2,9.076042518,3.3689454422000003
S7,S3,Banksia ericifolia,0.34004286841516757,0.479539641943734,1060.3389830508474,S7S3Banksia ericifolia3,0.36954915,3.3689454422000003
S7,S1,Entolasia stricta,0.016047902850853158,1.1179910560715514,364.51410658307213,S7S1Entolasia stricta1,1.518047903,3.3689454422000003
S7,S2,Entolasia stricta,0.11328828229329663,2.295013561443772,3686.923076923077,S7S2Entolasia stricta2,8.588548602,3.3689454422000003
S7,S3,Entolasia stricta,0.09050186351705305,0.6478482184173994,527.0731707317073,S7S3Entolasia stricta3,4.472049689,3.3689454422000003
S7,S1,Eurychorda complanata,0.06943372970178521,0.26634705020641897,1746.279069767442,S7S1Eurychorda complanata1,10.39189784,3.3689454422000003
S7,S2,Eurychorda complanata,0.05779730398795468,2.9647930821494746,3372.9166666666674,S7S2Eurychorda complanata2,7.014478283,3.3689454422000003
S7,S3,Eurychorda complanata,0.06863268630070185,0.24506200068617362,2040.2999999999997,S7S3Eurychorda complanata3,0.404530744,3.3689454422000003
S7,S1,Gonocarpus micranthus,0.05402938911640322,0.6157951454816032,6959.642857142857,S7S1Gonocarpus micranthus1,26.45011601,3.3689454422000003
S7,S2,Gonocarpus micranthus,0.08098952902054686,0.5055185778077345,7418.125000000001,S7S2Gonocarpus micranthus2,30.10471204,3.3689454422000003
S7,S3,Gonocarpus micranthus,0.09363658009956935,0.46576618537494174,5168.7037037037035,S7S3Gonocarpus micranthus3,3.919239905,3.3689454422000003
S7,S1,Leptospermum squarrosum,0.188810810623701,1.1923011412025208,1710.0,S7S1Leptospermum squarrosum1,0.844594595,3.3689454422000003
S7,S2,Leptospermum squarrosum,0.07316380289442864,0.7550238122894645,12298.57142857143,S7S2Leptospermum squarrosum2,11.22565865,3.3689454422000003
S7,S1,Plinthanthesis paradoxa,0.11368758493722009,0.7647452442405124,2377.5,S7S1Plinthanthesis paradoxa1,2.455661664,3.3689454422000003
S7,S2,Plinthanthesis paradoxa,0.05559292992209698,0.2537856357330175,832.4647887323943,S7S2Plinthanthesis paradoxa2,44.93840386,3.3689454422000003
S7,S3,Plinthanthesis paradoxa,0.09429921240006801,0.48794088944653563,3499.024390243902,S7S3Plinthanthesis paradoxa3,3.655793026,3.3689454422000003
S8,S1,Banksia serrata,0.2699245594496788,2.0823322120775267,1357.1739130434783,S8S1Banksia serrata1,2.64847512,3.0211032536
S8,S2,Banksia serrata,0.2727327935001836,0.5980861244019139,597.1428571428572,S8S2Banksia serrata2,4.453441296,3.0211032536
S8,S3,Banksia serrata,0.2781743740150435,0.4993342210386152,2225.185185185185,S8S3Banksia serrata3,38.17701453,3.0211032536
S8,S1,Caustis pentandra,0.3231933779329179,0.8018327605956471,423.7864077669903,S8S1Caustis pentandra1,4.304635762,3.0211032536
S8,S1,Entolasia stricta,0.4023605362160403,1.6253555465258025,848.6206896551723,S8S1Entolasia stricta1,3.53227771,3.0211032536
S8,S1,Haemodorum planifolium,0.4857911767920677,1.4035087719298245,4275.0,S8S1Haemodorum planifolium1,1.102941176,3.0211032536
S8,S2,Haemodorum planifolium,0.3606443935001556,0.9187423438138016,95.66406249999999,S8S2Haemodorum planifolium2,3.475422427,3.0211032536
S8,S3,Haemodorum planifolium,0.405478590028625,0.8096073404398867,1684.3181818181815,S8S3Haemodorum planifolium3,1.795125165,3.0211032536
S8,S1,Hypoleana fastigata,0.16818605613544554,1.6880924555252566,3348.2608695652175,S8S1Hypoleana fastigata1,32.65264026,3.0211032536
S8,S2,Hypoleana fastigata,0.11597705741850148,0.12559658377292138,1809.5454545454543,S8S2Hypoleana fastigata2,17.60598504,3.0211032536
S8,S3,Hypoleana fastigata,0.3089732400762526,1.439712057588482,1773.4042553191491,S8S3Hypoleana fastigata3,22.35487855,3.0211032536
S8,S1,Lepidosperma concavum,0.2281903914611049,1.7482517482517483,4290.0,S8S1Lepidosperma concavum1,11.29893238,3.0211032536
S8,S2,Lepidosperma concavum,0.2814574498656454,0.0,1323.076923076923,S8S2Lepidosperma concavum2,13.65088586,3.0211032536
S8,S3,Lepidosperma concavum,0.22465291712400978,NA,NA,NA,12.84619918,3.0211032536
S8,S1,Lomandra obliqua,0.2568051799256886,0.6117870980898648,1401.047619047619,S8S1Lomandra obliqua1,0.619369369,3.0211032536
S8,S2,Lomandra obliqua,0.3389366999228399,0.49333991119881593,6756.666666666667,S8S2Lomandra obliqua2,2.59601707,3.0211032536
S8,S3,Lomandra obliqua,0.5129620548025134,0.3363605785401951,1783.8,S8S3Lomandra obliqua3,2.759678038,3.0211032536
S8,S1,Plinthanthesis paradoxa,0.27476223075685685,0.18684603886397608,1274.2857142857144,S8S1Plinthanthesis paradoxa1,0.682593857,3.0211032536
S9,S1,Cyathochaeta diandra,0.27430713161656206,0.8365400702693658,1494.25,S9S1Cyathochaeta diandra1,3.852160333,7.2960708294
S9,S2,Cyathochaeta diandra,0.33831705670432594,0.43782837127845886,801.4035087719298,S9S2Cyathochaeta diandra2,2.123142251,7.2960708294
S9,S3,Cyathochaeta diandra,0.24147128306424814,0.9233610341643582,815.1612903225807,S9S3Cyathochaeta diandra3,1.894093686,7.2960708294
S9,S1,Entolasia stricta,0.20160694786073957,2.0711080428028996,3621.2499999999995,S9S1Entolasia stricta1,3.473491773,7.2960708294
S9,S2,Entolasia stricta,0.30050888796065034,1.4968659369445223,3340.3125,S9S2Entolasia stricta2,-8.666666667,7.2960708294
S9,S1,Lepidosperma neesii,0.2046638476901267,0.19762845849802374,318.2389937106918,S9S1Lepidosperma neesii1,8.794926004,7.2960708294
S9,S2,Lepyrodia scariosa,0.09956050741768718,2.3507287259050305,1160.1818181818182,S9S2Lepyrodia scariosa2,15.59821735,7.2960708294
S9,S3,Lepyrodia scariosa,0.28494034157287235,0.8580744808649391,1879.6774193548388,S9S3Lepyrodia scariosa3,2.272727273,7.2960708294
S9,S1,Ptilothrix deusta,0.3168659115750778,0.4985666209647264,955.1190476190476,S9S1Ptilothrix deusta1,7.879673609,7.2960708294
S9,S2,Ptilothrix deusta,0.31475655328599095,NA,NA,NA,6.500528976,7.2960708294
S9,S3,Ptilothrix deusta,0.3450519860125214,NA,NA,NA,15.43700341,7.2960708294
S9,S3,Xyris bracteata,0.15866694098113573,NA,NA,NA,8.381344307,7.2960708294
S11,S1,Lomandra obliqua,NA,0.5521811154058531,7244.0,S11S1Lomandra obliqua1,4.646137223,2.4627319158
S13,S1,Haemodorum planifolium,NA,1.6145603992367534,1116.8852459016393,S13S1Haemodorum planifolium1,3.473945409,2.0885712514
S13,S2,Lomandra obliqua,NA,0.0,476.1363636363636,S13S2Lomandra obliqua2,5.217714233,2.0885712514
S13,S1,Plinthanthesis paradoxa,NA,0.0,NA,NA,NA,2.0885712514
S13,S2,Plinthanthesis paradoxa,NA,1.407884151246983,NA,NA,NA,2.0885712514
S14,S2,Banksia ericifolia,NA,1.005631536604988,3107.5,S14S2Banksia ericifolia2,NA,10.654881099599999
S14,S4,Lepidosperma neesii,NA,1.2278098941013966,2355.0602409638554,S14S4Lepidosperma neesii4,NA,10.654881099599999
S14,S1,Plinthanthesis paradoxa,NA,0.916520278011151,2182.1666666666665,S14S1Plinthanthesis paradoxa1,-1.407742584,10.654881099599999
S14,S3,Plinthanthesis paradoxa,NA,1.5186028853454823,7091.538461538461,S14S3Plinthanthesis paradoxa3,NA,10.654881099599999
S14,S3,Ptilothrix deusta,NA,1.6425051774619723,3590.512820512821,S14S3Ptilothrix deusta3,12.99911269,10.654881099599999
S15,S1,Banksia oblongifolia,NA,1.7937219730941703,714.7435897435898,S15S1Banksia oblongifolia1,8.669448308,6.0685500966
S15,S2,Banksia oblongifolia,NA,0.0,1696.4150943396226,S15S2Banksia oblongifolia2,15.77720207,6.0685500966
S16,S1,Banksia oblongifolia,NA,0.7365578197888534,450.05524861878456,S16S1Banksia oblongifolia1,NA,3.6356158782
S16,S2,Leptocarpus tenax,NA,0.7502579011535215,3808.214285714286,S16S2Leptocarpus tenax2,NA,3.6356158782
S16,S2,Xyris bracteata,NA,0.38759689922480617,860.0000000000001,S16S2Xyris bracteata2,NA,3.6356158782
S17,S3,Lepyrodia scariosa,NA,1.941747572815534,1215.1685393258426,S17S3Lepyrodia scariosa3,6.954082386,3.9835640516
S18,S1,Banksia oblongifolia,NA,0.5857544517338332,1354.920634920635,S18S1Banksia oblongifolia1,NA,7.2362084442
S18,S2,Banksia oblongifolia,NA,2.3189558073279004,2474.262295081967,S18S2Banksia oblongifolia2,NA,7.2362084442
S18,S3,Banksia oblongifolia,NA,1.238938053097345,1153.0612244897961,S18S3Banksia oblongifolia3,NA,7.2362084442
S18,S3,Cyathochaeta diandra,NA,1.0249940865725775,1093.3620689655172,S18S3Cyathochaeta diandra3,2.217602218,7.2362084442
S18,S3,Entolasia stricta,NA,1.075268817204301,NA,NA,NA,7.2362084442
S18,S2,Gonocarpus tetragynus,NA,0.7737941707505804,1938.4999999999998,S18S2Gonocarpus tetragynus2,NA,7.2362084442
S18,S3,Leptocarpus tenax,NA,1.2459118517364896,1146.607142857143,S18S3Leptocarpus tenax3,21.64741928,7.2362084442
S19,S1,Cyathochaeta diandra,NA,0.0,895.2222222222223,S19S1Cyathochaeta diandra1,2.316048371,4.7707412382
S19,S2,Gonocarpus tetragynus,NA,2.1090689966857488,2553.0769230769233,S19S2Gonocarpus tetragynus2,NA,4.7707412382
S19,S2,Lepidosperma neesii,NA,0.8684324793747287,3041.698113207547,S19S2Lepidosperma neesii2,NA,4.7707412382
S19,S1,Leptospermum squarrosum,NA,1.8406521167499343,2112.777777777778,S19S1Leptospermum squarrosum1,NA,4.7707412382
S19,S2,Plinthanthesis paradoxa,NA,1.4781966001478197,2353.0434782608695,S19S2Plinthanthesis paradoxa2,NA,4.7707412382
S20,S2,Empodisma minus,NA,2.327385570209465,1145.7777777777778,S20S2Empodisma minus2,15.29568697,6.5868154734
S20,S4,Entolasia stricta,NA,0.9126863401277762,632.1153846153846,S20S4Entolasia stricta4,NA,6.5868154734
S3,S3,Cyathochaeta diandra,NA,0.9386733416770964,3196.0,S3S3Cyathochaeta diandra3,3.335804299,5.2133418098
S3,S3,Lepidosperma neesii,NA,2.0737327188940093,6200.0,S3S3Lepidosperma neesii3,NA,5.2133418098
S3,S2,Lepyrodia scariosa,NA,1.2997562956945572,NA,NA,-46387.58759,5.2133418098
S3,S3,Lepyrodia scariosa,NA,1.0538101824408879,NA,NA,4.71148756,5.2133418098
S3,S1,Plinthanthesis paradoxa,NA,1.0184391080617496,31093.333333333336,S3S1Plinthanthesis paradoxa1,NA,5.2133418098
S4,S1,Banksia oblongifolia,NA,0.8491367110104727,3992.0903954802257,S4S1Banksia oblongifolia1,1.236788846,3.6258280186
S4,S2,Banksia oblongifolia,NA,0.7490636704119851,1286.7469879518071,S4S2Banksia oblongifolia2,-18.63237139,3.6258280186
S4,S3,Entolasia stricta,NA,0.5918910920390648,1145.4237288135594,S4S3Entolasia stricta3,NA,3.6258280186
S4,S2,Gonocarpus tetragynus,NA,1.1503067484662577,2897.7777777777774,S4S2Gonocarpus tetragynus2,NA,3.6258280186
S4,S1,Plinthanthesis paradoxa,NA,0.6945409084595083,2768.846153846154,S4S1Plinthanthesis paradoxa1,NA,3.6258280186
S5,S3,Gonocarpus tetragynus,NA,0.7121873052612837,2552.9545454545455,S5S3Gonocarpus tetragynus3,NA,4.8724604956
S5,S1,Leptospermum squarrosum,NA,1.3965333114269285,1484.5121951219512,S5S1Leptospermum squarrosum1,NA,4.8724604956
S6,S1,Banksia oblongifolia,NA,1.2300123001230012,1554.2647058823532,S6S1Banksia oblongifolia1,NA,5.9528669352
S6,S2,Banksia oblongifolia,NA,0.8143322475570033,672.8767123287671,S6S2Banksia oblongifolia2,NA,5.9528669352
S6,S3,Banksia oblongifolia,NA,0.8203445447087776,2120.0,S6S3Banksia oblongifolia3,NA,5.9528669352
S6,S1,Cyathochaeta diandra,NA,1.1769898484625572,591.0434782608695,S6S1Cyathochaeta diandra1,NA,5.9528669352
S6,S2,Cyathochaeta diandra,NA,0.8989572096368212,4278.461538461539,S6S2Cyathochaeta diandra2,NA,5.9528669352
S6,S3,Cyathochaeta diandra,NA,1.2111425111021397,7621.538461538462,S6S3Cyathochaeta diandra3,NA,5.9528669352
S6,S3,Leptocarpus tenax,NA,1.2828736369467608,7795.0,S6S3Leptocarpus tenax3,NA,5.9528669352
S6,S2,Lepyrodia scariosa,NA,1.0430247718383312,1394.5454545454545,S6S2Lepyrodia scariosa2,NA,5.9528669352
S6,S3,Lepyrodia scariosa,NA,1.454998960715028,775.9677419354839,S6S3Lepyrodia scariosa3,NA,5.9528669352
S7,S3,Leptospermum squarrosum,NA,0.7619047619047619,5250.0,S7S3Leptospermum squarrosum3,6.101694915,3.3689454422000003
S8,S2,Plinthanthesis paradoxa,NA,1.4669030010390562,1619.90099009901,S8S2Plinthanthesis paradoxa2,NA,3.0211032536
S8,S3,Plinthanthesis paradoxa,NA,0.3971931682775056,2360.3125,S8S3Plinthanthesis paradoxa3,NA,3.0211032536
S9,S1,Banksia ericifolia,NA,1.0631511800978097,1808.846153846154,S9S1Banksia ericifolia1,NA,7.2960708294
S9,S2,Lepidosperma neesii,NA,1.384721901684745,817.5471698113208,S9S2Lepidosperma neesii2,NA,7.2960708294
S9,S3,Lepidosperma neesii,NA,0.5847953216374269,695.1219512195122,S9S3Lepidosperma neesii3,NA,7.2960708294
S9,S1,Lepyrodia scariosa,NA,1.2717253073336159,3931.666666666667,S9S1Lepyrodia scariosa1,NA,7.2960708294
S9,S1,Xyris bracteata,NA,0.5445733267984534,1208.092105263158,S9S1Xyris bracteata1,NA,7.2960708294
S9,S2,Xyris bracteata,NA,0.5042016806722689,203.07167235494882,S9S2Xyris bracteata2,NA,7.2960708294
S19,S1,Banksia ericifolia,NA,NA,NA,NA,NA,4.7707412382
S3,NA,Entolasia stricta,NA,NA,NA,NA,0.521512386,5.2133418098
S6,S4,Lepyrodia scariosa,NA,NA,NA,NA,19.40570042,5.9528669352
S1,NA,NA,NA,NA,NA,NA,NA,5.3740425852
S2,NA,NA,NA,NA,NA,NA,NA,4.8457005334
